"first_name","last_name","gmail_id"
Sumanth,Ketharaju,SumanthKetharaju@gmail.com
Ravindra,Ketharaju,"RavindraKetharaju@gmail.com"
Sunil,Pamujula,SunilPamujula@gmail.com
Sudheer,Pamujula,SudheerPamujula@gmail.com
Seshu,Byna,SeshuByna@gmail.com

first_name, last_name, gmail_id
Sumanth, Ketharaju, SumanthKetharaju@gmail.com
Ravindra, Ketharaju, RavindraKetharaju@gmail.com
Sunil, Pamujula, SunilPamujula@gmail.com
Sudheer, Pamujula, SudheerPamujula@gmail.com
Seshu, Byna, SeshuByna@gmail.com
